distance,id,direction,area,buffer_number
5,2,45,235.4594715,1
6,3,45,287.9311057,2
7,4,45,340.2460017,3
8,5,45,392.6466286,4
9,6,45,445.005825,5
10,7,45,497.3064088,6
11,8,75,546.9535538,7
12,9,45,601.4833346,8
13,10,45,653.7833582,9
15,12,45,758.530335,11
16,13,45,810.8392654,12
17,14,75,864.4694557,13
18,15,45,915.5706951,14
19,16,45,967.8848698,15
20,17,45,1020.198666,16
22,19,45,1124.962547,18
23,20,45,1177.281459,19
24,21,45,1229.599913,20
25,22,45,1281.917963,21
26,23,45,1335.98319,22
27,24,45,1386.689827,23
28,25,45,1439.011821,24
29,26,45,1491.333444,25
30,27,45,1543.65457,26
31,28,45,1595.975334,27
32,29,45,1650.668683,28
33,30,45,1700.766288,29
34,31,45,1753.090484,30
35,32,45,1805.414293,31
5,33,345,235.4989571,1
6,34,345,287.9667189,2
7,35,345,340.2921238,3
8,36,345,392.704955,4
9,37,345,445.072997,5
10,38,345,497.3817904,6
11,39,345,546.9804406,7
12,40,345,601.57042,8
13,41,345,653.8815557,9
15,42,345,758.6508901,11
16,43,345,810.9727028,12
17,44,345,864.481231,13
18,45,345,915.760657,14
19,46,345,968.0912875,15
20,47,345,1020.422168,16
22,48,345,1125.221187,18
23,49,345,1177.559006,19
24,50,345,1229.897069,20
25,51,345,1282.235252,21
26,52,345,1336.263599,22
27,53,345,1387.04481,23
28,54,345,1439.388689,24
29,55,345,1491.732693,25
30,56,345,1544.076956,26
31,57,345,1596.421401,27
32,58,345,1650.893112,28
33,59,345,1701.245962,29
34,60,345,1753.595236,30
35,61,345,1805.944664,31
14,62,345,707.182907,10
21,63,345,1074.155771,17
5,64,15,235.4750977,1
6,65,15,287.9424856,2
7,66,15,340.2635217,3
8,67,15,392.6716186,4
9,68,15,445.0346099,5
10,69,15,497.3379346,6
11,70,15,546.9305831,7
12,71,15,601.514606,8
13,72,15,653.8192399,9
15,73,15,758.5744377,11
16,74,15,810.8886675,12
17,75,15,864.3893784,13
18,76,15,915.6604237,14
19,77,15,967.9823693,15
20,78,15,1020.304262,16
22,79,15,1125.084181,18
23,80,15,1177.411947,19
24,81,15,1229.739481,20
25,82,15,1282.066939,21
26,83,15,1336.084049,22
27,84,15,1386.853765,23
28,85,15,1439.185738,24
29,86,15,1491.517554,25
30,87,15,1543.849213,26
31,88,15,1596.180727,27
32,89,15,1650.63869,28
33,90,15,1700.978227,29
34,91,15,1753.313497,30
35,92,15,1805.648482,31
14,93,15,707.1133009,10
21,94,15,1074.02866,17
5,95,75,235.4568681,1
6,96,75,287.9295088,2
7,97,75,340.2415978,3
8,98,75,392.6397562,4
9,99,75,445.0006902,5
10,100,75,497.2952672,6
11,101,45,546.9483442,7
12,102,75,601.4700773,8
13,103,75,653.767337,9
15,104,75,758.4767316,11
16,105,75,810.7802439,12
17,106,45,864.0959822,13
18,107,75,915.5533657,14
19,108,75,967.8647205,15
20,109,75,1020.175485,16
22,110,75,1124.91948,18
23,111,75,1177.234301,19
24,112,75,1229.548615,20
25,113,75,1281.862353,21
26,114,75,1335.864887,22
27,115,75,1386.620644,23
28,116,75,1438.937744,24
29,117,75,1491.254294,25
30,118,75,1543.570399,26
31,119,75,1595.88586,27
32,120,75,1650.326702,28
33,121,75,1700.650351,29
34,122,75,1752.968471,30
35,123,75,1805.286123,31
14,124,75,706.852744,10
14,125,45,707.0846946,10
21,126,75,1073.759162,17
21,127,45,1073.923519,17
5,128,315,235.50285,1
5,129,285,235.5242003,1
6,130,315,287.9761241,2
6,131,285,287.9988236,2
7,132,315,340.3035613,3
7,133,285,340.3278225,3
8,134,315,392.7176319,4
8,135,285,392.7442944,4
9,136,315,445.0914261,5
9,137,285,445.1247503,5
10,138,315,497.4074355,6
10,139,285,497.440253,6
11,140,315,547.0653071,7
11,141,285,547.1195756,7
12,142,315,601.618029,8
12,143,285,601.6605713,8
13,144,315,653.9364539,9
13,145,285,653.982701,9
15,146,315,758.7230603,11
15,147,285,758.7459264,11
16,148,315,811.0533048,12
16,149,285,811.0783004,12
17,150,315,864.3327177,13
17,151,285,864.7984279,13
18,152,315,915.8302908,14
18,153,285,915.9132825,14
19,154,315,968.1687416,15
19,155,285,968.257489,15
20,156,315,1020.50771,16
20,157,285,1020.602464,16
22,158,315,1125.325064,18
22,159,285,1125.418946,18
23,160,315,1177.672105,19
23,161,285,1177.771991,19
24,162,315,1230.019704,20
24,163,285,1230.125828,20
25,164,315,1282.367881,21
25,165,285,1282.480408,21
26,166,315,1336.465127,22
26,167,285,1336.52642,22
27,168,315,1387.202942,23
27,169,285,1387.324556,23
28,170,315,1439.558039,24
28,171,285,1439.686577,24
29,172,315,1491.913631,25
29,173,285,1492.049339,25
30,174,315,1544.269818,26
30,175,285,1544.412941,26
31,176,315,1596.626584,27
31,177,285,1596.777335,27
32,178,285,1651.270574,28
32,179,315,1651.357841,28
33,180,315,1701.492586,29
33,181,285,1701.643671,29
34,182,315,1753.855747,30
34,183,285,1754.014674,30
35,184,315,1806.219454,31
35,185,285,1806.386524,31
14,186,285,707.0949879,10
14,187,315,707.2566949,10
21,188,285,1074.222209,17
21,189,315,1074.259881,17
14,255,255,707.2822212,10
21,256,255,1074.502344,17
5,259,255,235.522083,1
6,261,255,287.9946529,2
7,263,255,340.3248921,3
8,265,255,392.744816,4
9,267,255,445.1176749,5
10,269,255,497.4367004,6
11,271,255,547.1228311,7
12,273,255,601.6579141,8
13,275,255,653.9799261,9
15,277,255,758.7710354,11
16,279,255,811.1051834,12
17,281,255,864.341161,13
18,283,255,915.8848451,14
19,285,255,968.2274701,15
20,287,255,1020.570848,16
22,289,255,1125.414599,18
23,291,255,1177.767456,19
24,293,255,1230.121053,20
25,295,255,1282.475394,21
26,297,255,1336.521162,22
27,299,255,1387.319066,23
28,301,255,1439.680741,24
29,303,255,1492.043271,25
30,305,255,1544.40656,26
31,307,255,1596.770659,27
32,309,255,1651.263641,28
33,311,255,1701.636347,29
34,313,255,1754.007023,30
35,315,255,1806.378467,31
0,1,15,5026.381231,0
