id,distance,direction,area
361,0,15,0.90000000000
1,1,165,26.15886833370
2,2,165,78.53208878880
3,3,165,130.91665014100
4,4,165,183.31042172400
5,5,165,235.67512648900
6,6,165,288.05971691400
7,7,165,340.40027276000
8,8,165,392.82592848800
9,9,165,445.20954897000
10,10,165,497.53487060800
11,11,165,547.15272729400
12,12,165,601.75272232600
13,13,165,654.07737569600
14,14,165,707.43771862700
15,15,165,758.87913340500
16,16,165,811.21354441600
17,17,285,864.78349313600
18,18,165,916.00817159800
19,19,165,968.34894796700
20,20,165,1020.68951414000
21,21,165,1074.54249828000
22,22,165,1125.51728983000
23,23,165,1177.86387697000
24,24,165,1230.21017942000
25,25,165,1282.55619820000
26,26,165,1336.58970649000
27,27,165,1387.37977943000
28,28,165,1439.72993438000
29,29,165,1492.07985236000
30,30,285,1544.44064199000
31,1,225,26.14216229040
32,1,195,26.14848655440
33,1,75,26.14897691600
34,1,105,26.14898029670
35,1,45,26.14929193530
36,1,255,26.14931253730
37,1,135,26.14931784200
38,1,285,26.14932064100
39,1,315,26.14956778720
40,1,15,26.14993404730
41,1,345,26.15006889710
42,2,225,78.48659390410
43,2,195,78.50169544050
44,2,105,78.50475765090
45,2,45,78.50514049830
46,2,15,78.50635058000
47,2,315,78.50658823800
48,2,255,78.50694018670
49,2,345,78.50705113290
50,2,135,78.50725965150
51,2,75,78.50762126600
52,2,285,78.50979087790
53,3,225,130.83419649000
54,3,195,130.86576416800
55,3,135,130.86681689300
56,3,75,130.86808950200
57,3,45,130.86909606100
58,3,105,130.87064363200
59,3,15,130.87123026700
60,3,345,130.87283572700
61,3,315,130.87339100100
62,3,285,130.87356057000
63,3,255,130.87662654000
64,4,225,183.20276039800
65,4,195,183.24118143900
66,4,105,183.24295555600
67,4,75,183.24442103200
68,4,135,183.24618194600
69,4,15,183.24691931500
70,4,45,183.24815824900
71,4,345,183.24991072000
72,4,255,183.25365874100
73,4,285,183.25576325700
74,4,315,183.25642591900
75,5,225,235.53782450000
76,5,195,235.58630656600
77,5,75,235.58668179900
78,5,105,235.58828454900
79,5,45,235.58982695100
80,5,135,235.59146600700
81,5,15,235.59702684900
82,5,345,235.60194530600
83,5,315,235.60335968100
84,5,285,235.60523004400
85,5,255,235.60687598900
86,6,225,287.89371675700
87,6,105,287.95234244900
88,6,195,287.95357482100
89,6,75,287.95448732200
90,6,135,287.95480403300
91,6,45,287.95755483100
92,6,15,287.96062297400
93,6,345,287.96811635500
94,6,315,287.97763016800
95,6,255,287.97947322100
96,6,285,287.98177961800
97,7,225,340.20677468100
98,7,105,340.27063570000
99,7,75,340.27154933400
100,7,135,340.27529658600
101,7,195,340.27606386700
102,7,45,340.27667864800
103,7,15,340.28475184300
104,7,345,340.29514151900
105,7,315,340.30476191500
106,7,255,340.30878329300
107,7,285,340.30980308100
108,8,225,392.60908770900
109,8,75,392.67412815100
110,8,105,392.67714695400
111,8,45,392.68181100100
112,8,135,392.68328375200
113,8,195,392.68342337500
114,8,15,392.69583713600
115,8,345,392.70971226900
116,8,315,392.71828801400
117,8,285,392.72591269100
118,8,255,392.72787647700
119,9,225,444.96754561300
120,9,105,445.03456725200
121,9,75,445.04027732900
122,9,45,445.04436449200
123,9,135,445.04763034800
124,9,195,445.05299325000
125,9,15,445.06189049000
126,9,345,445.07943620400
127,9,315,445.09265447500
128,9,255,445.10075138700
129,9,285,445.10515326500
130,10,225,497.26622869300
131,10,105,497.33739136400
132,10,75,497.33893008300
133,10,135,497.34846906600
134,10,45,497.34889079700
135,10,195,497.36091515900
136,10,15,497.36806199900
137,10,345,497.39011224600
138,10,315,497.40865149000
139,10,255,497.41904673800
140,10,285,497.42066506100
141,11,225,546.90316229400
142,11,195,546.95666261300
143,11,15,546.96183594500
144,11,135,546.98947684500
145,11,345,546.99220920700
146,11,45,546.99263223400
147,11,75,547.00070872200
148,11,105,547.00681307000
149,11,315,547.06835891900
150,11,285,547.10048277000
151,11,255,547.10469891000
152,12,225,601.44583667700
153,12,105,601.52115809400
154,12,75,601.52163111300
155,12,135,601.53112666900
156,12,45,601.53244591500
157,12,195,601.54695244200
158,12,15,601.54999425500
159,12,345,601.58289843600
160,12,315,601.62047408100
161,12,255,601.64031557300
162,12,285,601.64126025000
163,13,225,653.74934840800
164,13,105,653.82198178100
165,13,75,653.82255494700
166,13,135,653.83412952400
167,13,45,653.83572437800
168,13,195,653.85700457400
169,13,15,653.85724653300
170,13,345,653.89603944200
171,13,315,653.93965453800
172,13,255,653.96274636600
173,13,285,653.96382495900
174,14,225,706.90820427300
175,14,75,706.91139115800
176,14,135,706.99344984000
177,14,285,707.07710522300
178,14,105,707.09959288300
179,14,45,707.14434808800
180,14,15,707.15243980500
181,14,345,707.20096545700
182,14,195,707.22332040800
183,14,315,707.25650632300
184,14,255,707.26728528200
185,15,225,758.48479807400
186,15,75,758.53860621500
187,15,135,758.56495277000
188,15,105,758.56574345000
189,15,45,758.58921792000
190,15,15,758.61731960600
191,15,195,758.63412868200
192,15,345,758.66984437800
193,15,315,758.72765374400
194,15,285,758.72880553700
195,15,255,758.75569838300
196,16,225,810.79896676200
197,16,75,810.84511499400
198,16,105,810.87404829100
199,16,135,810.87475129600
200,16,45,810.90091175000
201,16,15,810.93396337900
202,16,195,810.95573600400
203,16,345,810.99389477700
204,16,315,811.05915363900
205,16,285,811.06244838700
206,16,255,811.09107380800
207,17,105,864.08255501400
208,17,45,864.15979857900
209,17,195,864.32013118500
210,17,255,864.32843068600
211,17,315,864.34076352800
212,17,225,864.43434119100
213,17,15,864.43843463500
214,17,135,864.50255743900
215,17,345,864.50332969400
216,17,75,864.53725518300
217,17,165,864.59314642600
218,18,225,915.58915721000
219,18,105,915.59731075500
220,18,75,915.62359199600
221,18,45,915.63724791100
222,18,135,915.65216575900
223,18,15,915.71046965900
224,18,195,915.72593461800
225,18,345,915.78627916600
226,18,315,915.83925752000
227,18,255,915.87392063600
228,18,285,915.90056191500
229,19,105,967.90939876100
230,19,225,967.91438944200
231,19,75,967.93726226800
232,19,45,967.95362527900
233,19,135,967.96920464000
234,19,15,968.03463344600
235,19,195,968.05554624200
236,19,345,968.11927691100
237,19,315,968.17949261100
238,19,255,968.21847393600
239,19,285,968.24682086500
240,20,105,1020.22073198000
241,20,225,1020.24029023000
242,20,75,1020.25015995000
243,20,45,1020.26945164000
244,20,135,1020.28562000000
245,20,15,1020.35863230000
246,20,195,1020.38537183000
247,20,345,1020.45253703000
248,20,315,1020.52043405000
249,20,255,1020.56405306000
250,20,285,1020.59402321000
251,21,225,1073.74745918000
252,21,135,1073.76805203000
253,21,75,1073.84509471000
254,21,45,1073.99224514000
255,21,15,1074.08747563000
256,21,105,1074.11172432000
257,21,345,1074.18632633000
258,21,195,1074.19059563000
259,21,285,1074.20728628000
260,21,315,1074.27874941000
261,21,255,1074.50378336000
262,22,105,1124.99505457000
263,22,75,1124.99866854000
264,22,225,1125.00912546000
265,22,135,1125.03033604000
266,22,45,1125.03656880000
267,22,15,1125.14278858000
268,22,195,1125.18958872000
269,22,345,1125.25634889000
270,22,315,1125.34266539000
271,22,255,1125.41362315000
272,22,285,1125.41494883000
273,23,105,1177.31112423000
274,23,75,1177.31500840000
275,23,225,1177.34236285000
276,23,135,1177.35018859000
277,23,45,1177.35692372000
278,23,15,1177.47240482000
279,23,195,1177.52690799000
280,23,345,1177.59668494000
281,23,315,1177.69223154000
282,23,255,1177.76947909000
283,23,285,1177.77099231000
284,24,105,1229.62646731000
285,24,75,1229.63061299000
286,24,135,1229.66941430000
287,24,225,1229.67624070000
288,24,45,1229.67680296000
289,24,15,1229.80177974000
290,24,195,1229.86442013000
291,24,345,1229.93735902000
292,24,315,1230.04252770000
293,24,255,1230.12637227000
294,24,285,1230.12815714000
295,25,105,1281.94101005000
296,25,75,1281.94545509000
297,25,135,1281.98801862000
298,25,45,1281.99601257000
299,25,225,1282.01074270000
300,25,15,1282.13095417000
301,25,195,1282.20216841000
302,25,345,1282.27814690000
303,25,315,1282.39359165000
304,25,255,1282.48427264000
305,25,285,1282.48626986000
306,26,105,1335.94636579000
307,26,75,1335.94686661000
308,26,135,1336.05369500000
309,26,45,1336.06226590000
310,26,225,1336.09378827000
311,26,15,1336.15167149000
312,26,195,1336.23304455000
313,26,345,1336.30732727000
314,26,315,1336.49391968000
315,26,255,1336.53171427000
316,26,285,1336.53812588000
317,27,105,1386.70041475000
318,27,75,1386.70513346000
319,27,135,1386.76048224000
320,27,45,1386.76970677000
321,27,225,1386.81886773000
322,27,15,1386.92112010000
323,27,195,1387.01122524000
324,27,345,1387.09303409000
325,27,315,1387.23503065000
326,27,255,1387.33562104000
327,27,285,1387.33847392000
328,28,105,1439.01773273000
329,28,75,1439.02265301000
330,28,135,1439.08243693000
331,28,45,1439.09234714000
332,28,225,1439.16057605000
333,28,15,1439.25455435000
334,28,195,1439.35471731000
335,28,345,1439.43958174000
336,28,315,1439.59346859000
337,28,255,1439.70166378000
338,28,285,1439.70478145000
339,29,105,1491.33427335000
340,29,75,1491.33954379000
341,29,135,1491.40380652000
342,29,45,1491.41441585000
343,29,225,1491.50293010000
344,29,15,1491.58774129000
345,29,195,1491.69849104000
346,29,345,1491.78644619000
347,29,315,1491.95272129000
348,29,255,1492.06879036000
349,29,285,1492.07222963000
350,30,105,1543.65005668000
351,30,75,1543.65559389000
352,30,135,1543.72456742000
353,30,45,1543.73587725000
354,30,225,1543.84595568000
355,30,15,1543.92062591000
356,30,195,1544.04253032000
357,30,345,1544.13353683000
358,30,315,1544.31265860000
359,30,165,1544.42950882000
360,30,255,1544.43689287000
