temporal,use,p_id,source,date,Time_AEDT,Time_UTC,lst_pred,ta
day,prediction,200,prws,03/12/2022,2022-12-03 11:00:00,2022-12-03 00:00:00,37.28904136,26.7
night,prediction,200,prws,03/12/2022,2022-12-04 00:00:00,2022-12-03 13:00:00,19.70418477,20.2
night,base,200,prws,25/12/2022,2022-12-26 00:00:00,2022-12-25 13:00:00,18.19000053,18.4
day,prediction,200,prws,27/12/2022,2022-12-27 11:00:00,2022-12-27 00:00:00,39.43109587,32.6
night,prediction,200,prws,27/12/2022,2022-12-28 00:00:00,2022-12-27 13:00:00,26.22361185,29.3
day,base,200,prws,07/01/2023,2023-01-07 11:00:00,2023-01-07 00:00:00,35.80310059,24.6
night,prediction,200,prws,07/01/2023,2023-01-08 00:00:00,2023-01-07 13:00:00,17.09514447,19.0
day,prediction,200,prws,27/01/2023,2023-01-27 11:00:00,2023-01-27 00:00:00,33.13559066,20.2
night,prediction,200,prws,27/01/2023,2023-01-28 00:00:00,2023-01-27 13:00:00,18.23918316,19.5
night,reference,200,prws,09/02/2023,2023-02-10 00:00:00,2023-02-09 13:00:00,18.82999992370605,18.3
day,prediction,600,prws,03/12/2022,2022-12-03 11:00:00,2022-12-03 00:00:00,37.69776009,28.3
night,prediction,600,prws,03/12/2022,2022-12-04 00:00:00,2022-12-03 13:00:00,20.09103566,18.4
night,base,600,prws,25/12/2022,2022-12-26 00:00:00,2022-12-25 13:00:00,19.11000061,18.0
day,prediction,600,prws,27/12/2022,2022-12-27 11:00:00,2022-12-27 00:00:00,41.72130393,33.4
night,prediction,600,prws,27/12/2022,2022-12-28 00:00:00,2022-12-27 13:00:00,27.54385828,29.0
day,base,600,prws,07/01/2023,2023-01-07 11:00:00,2023-01-07 00:00:00,39.19950104,25.5
night,prediction,600,prws,07/01/2023,2023-01-08 00:00:00,2023-01-07 13:00:00,17.99231992,18.8
day,prediction,600,prws,27/01/2023,2023-01-27 11:00:00,2023-01-27 00:00:00,35.42469618,20.2
night,prediction,600,prws,27/01/2023,2023-01-28 00:00:00,2023-01-27 13:00:00,19.31655903,17.9
night,reference,600,prws,09/02/2023,2023-02-10 00:00:00,2023-02-09 13:00:00,18.350000381469727,17.9
day,prediction,400,prws,03/12/2022,2022-12-03 11:00:00,2022-12-03 00:00:00,33.75179672,26.1
night,prediction,400,prws,03/12/2022,2022-12-04 00:00:00,2022-12-03 13:00:00,18.24473404,18.6
night,base,400,prws,25/12/2022,2022-12-26 00:00:00,2022-12-25 13:00:00,18.09000015,17.5
day,prediction,400,prws,27/12/2022,2022-12-27 11:00:00,2022-12-27 00:00:00,36.00956793,31.6
night,prediction,400,prws,27/12/2022,2022-12-28 00:00:00,2022-12-27 13:00:00,24.55006987,27.9
day,base,400,prws,07/01/2023,2023-01-07 11:00:00,2023-01-07 00:00:00,33.75180054,24.2
night,prediction,400,prws,07/01/2023,2023-01-08 00:00:00,2023-01-07 13:00:00,15.57719565,18.2
day,prediction,400,prws,27/01/2023,2023-01-27 11:00:00,2023-01-27 00:00:00,33.09847833,20.1
night,prediction,400,prws,27/01/2023,2023-01-28 00:00:00,2023-01-27 13:00:00,16.50122439,17.4
night,reference,400,prws,09/02/2023,2023-02-10 00:00:00,2023-02-09 13:00:00,18.3700008392334,17.0
day,prediction,500,prws,03/12/2022,2022-12-03 11:00:00,2022-12-03 00:00:00,38.2418583,27.3
night,prediction,500,prws,03/12/2022,2022-12-04 00:00:00,2022-12-03 13:00:00,21.68088981,20.8
night,base,500,prws,25/12/2022,2022-12-26 00:00:00,2022-12-25 13:00:00,20.79000092,20.4
day,prediction,500,prws,27/12/2022,2022-12-27 11:00:00,2022-12-27 00:00:00,38.05042706,31.5
night,prediction,500,prws,27/12/2022,2022-12-28 00:00:00,2022-12-27 13:00:00,27.39234288,29.9
day,base,500,prws,07/01/2023,2023-01-07 11:00:00,2023-01-07 00:00:00,33.75630188,23.6
night,prediction,500,prws,07/01/2023,2023-01-08 00:00:00,2023-01-07 13:00:00,19.21894647,20.0
day,prediction,500,prws,27/01/2023,2023-01-27 11:00:00,2023-01-27 00:00:00,30.47787423,20.4
night,prediction,500,prws,27/01/2023,2023-01-28 00:00:00,2023-01-27 13:00:00,20.88396072,18.9
night,reference,500,prws,09/02/2023,2023-02-10 00:00:00,2023-02-09 13:00:00,20.049999237060547,19.0
day,prediction,300,prws,03/12/2022,2022-12-03 11:00:00,2022-12-03 00:00:00,35.6787227,26.6
night,prediction,300,prws,03/12/2022,2022-12-04 00:00:00,2022-12-03 13:00:00,20.64933828,20.7
night,base,300,prws,25/12/2022,2022-12-26 00:00:00,2022-12-25 13:00:00,20.64999962,19.9
day,prediction,300,prws,27/12/2022,2022-12-27 11:00:00,2022-12-27 00:00:00,38.51089437,32.6
night,prediction,300,prws,27/12/2022,2022-12-28 00:00:00,2022-12-27 13:00:00,26.46378363,27.9
day,base,300,prws,07/01/2023,2023-01-07 11:00:00,2023-01-07 00:00:00,33.66030121,23.7
night,prediction,300,prws,07/01/2023,2023-01-08 00:00:00,2023-01-07 13:00:00,17.92843145,18.5
day,prediction,300,prws,27/01/2023,2023-01-27 11:00:00,2023-01-27 00:00:00,30.36335664,20.2
night,prediction,300,prws,27/01/2023,2023-01-28 00:00:00,2023-01-27 13:00:00,19.845322,20.0
day,reference,200,prws,08/01/2021,2021-01-08 11:00:00,8/01/2021 0:00,35.39649963378906,22.7
day,reference,600,prws,08/01/2021,2021-01-08 11:00:00,8/01/2021 0:00,36.87089920043945,21.6
day,reference,400,prws,08/01/2021,2021-01-08 11:00:00,8/01/2021 0:00,34.040000915527344,22.4
day,reference,500,prws,08/01/2021,2021-01-08 11:00:00,8/01/2021 0:00,32.83140182495117,22.1
day,reference,300,prws,08/01/2021,2021-01-08 11:00:00,8/01/2021 0:00,33.41640090942383,22.9
day,reference,200,prws,19/01/2022,2022-01-19 11:00:00,19/01/2022 0:00,38.1705013416,25.2
day,reference,600,prws,19/01/2022,2022-01-19 11:00:00,19/01/2022 0:00,33.4279964377,22.8
day,reference,400,prws,19/01/2022,2022-01-19 11:00:00,19/01/2022 0:00,37.7507820681,25.2
day,reference,500,prws,19/01/2022,2022-01-19 11:00:00,19/01/2022 0:00,32.5489290874,24.5
day,reference,300,prws,19/01/2022,2022-01-19 11:00:00,19/01/2022 0:00,39.1050631065,26.4
day,reference,200,prws,20/01/2022,2022-01-20 11:00:00,20/01/2022 0:00,38.6013659287,23.6
day,reference,600,prws,20/01/2022,2022-01-20 11:00:00,20/01/2022 0:00,37.0676526837,22.5
day,reference,400,prws,20/01/2022,2022-01-20 11:00:00,20/01/2022 0:00,38.2905695062,23.9
day,reference,500,prws,20/01/2022,2022-01-20 11:00:00,20/01/2022 0:00,35.008756112,22.5
day,reference,300,prws,20/01/2022,2022-01-20 11:00:00,20/01/2022 0:00,39.0731895686,25.1
night,reference,200,prws,12/12/2021,2021-12-13 00:00:00,12/12/2021 13:00,17.06999969482422,17.5
night,reference,600,prws,12/12/2021,2021-12-13 00:00:00,12/12/2021 13:00,18.56999969482422,17.1
night,reference,400,prws,12/12/2021,2021-12-13 00:00:00,12/12/2021 13:00,17.350000381469727,16.4
night,reference,500,prws,12/12/2021,2021-12-13 00:00:00,12/12/2021 13:00,19.489999771118164,17.2
night,reference,300,prws,12/12/2021,2021-12-13 00:00:00,12/12/2021 13:00,18.90999984741211,16.8
