p_id,source,date,lst_pred
1004,cws,3/12/2022,18.46228293
1010,cws,3/12/2022,21.90679154
1011,cws,3/12/2022,21.59044113
1016,cws,3/12/2022,22.71114816
1017,cws,3/12/2022,21.59939112
1026,cws,3/12/2022,21.33650729
1030,cws,3/12/2022,20.96896831
1031,cws,3/12/2022,18.81700964
1036,cws,3/12/2022,22.71771742
1039,cws,3/12/2022,22.10448257
1056,cws,3/12/2022,20.95094015
1067,cws,3/12/2022,21.03758076
1069,cws,3/12/2022,22.99269353
1077,cws,3/12/2022,22.06532906
1078,cws,3/12/2022,22.18663105
1085,cws,3/12/2022,19.12084288
1088,cws,3/12/2022,23.48949436
1093,cws,3/12/2022,22.99214532
1094,cws,3/12/2022,22.60188272
1099,cws,3/12/2022,22.34117611
1101,cws,3/12/2022,20.11001587
1104,cws,3/12/2022,21.05206063
1113,cws,3/12/2022,19.66709429
1114,cws,3/12/2022,20.68908483
1115,cws,3/12/2022,22.32786855
1121,cws,3/12/2022,20.5205011
1122,cws,3/12/2022,21.30999756
1126,cws,3/12/2022,22.81811064
1130,cws,3/12/2022,19.15011283
1142,cws,3/12/2022,21.76379286
1144,cws,3/12/2022,20.65724189
1149,cws,3/12/2022,21.69115859
1159,cws,3/12/2022,23.00996697
1160,cws,3/12/2022,21.04436236
1166,cws,3/12/2022,23.3269094
1168,cws,3/12/2022,21.14252127
1169,cws,3/12/2022,20.2194038
1180,cws,3/12/2022,21.9644876
1182,cws,3/12/2022,20.39435492
1185,cws,3/12/2022,19.71627991
1186,cws,3/12/2022,22.3384421
1188,cws,3/12/2022,21.65935838
1191,cws,3/12/2022,20.49740793
1192,cws,3/12/2022,21.75856015
1197,cws,3/12/2022,19.58950146
1203,cws,3/12/2022,22.22048709
1204,cws,3/12/2022,20.76345889
1209,cws,3/12/2022,20.78424695
1211,cws,3/12/2022,21.77048053
1215,cws,3/12/2022,21.20541642
1218,cws,3/12/2022,21.06921278
1219,cws,3/12/2022,20.75282182
1222,cws,3/12/2022,20.08260114
1227,cws,3/12/2022,22.43883345
1228,cws,3/12/2022,23.00683283
1229,cws,3/12/2022,19.64265417
1230,cws,3/12/2022,21.99523076
1235,cws,3/12/2022,21.2629562
1238,cws,3/12/2022,24.39315708
1248,cws,3/12/2022,21.22299978
1258,cws,3/12/2022,21.74464419
1259,cws,3/12/2022,-9999
1263,cws,3/12/2022,21.57460748
1269,cws,3/12/2022,18.98272958
1279,cws,3/12/2022,21.07501075
1281,cws,3/12/2022,21.54170731
1292,cws,3/12/2022,21.00905806
1297,cws,3/12/2022,21.13361898
1302,cws,3/12/2022,20.28717998
1324,cws,3/12/2022,21.37831317
1338,cws,3/12/2022,22.7463726
1345,cws,3/12/2022,21.80195092
1348,cws,3/12/2022,18.7000452
1349,cws,3/12/2022,22.64995809
1350,cws,3/12/2022,20.88628088
1354,cws,3/12/2022,21.55465673
1355,cws,3/12/2022,22.42132477
1360,cws,3/12/2022,21.77877029
1366,cws,3/12/2022,20.35991719
1377,cws,3/12/2022,20.64518505
1381,cws,3/12/2022,21.90234378
175,cws,3/12/2022,22.09320815
176,cws,3/12/2022,20.21011775
177,cws,3/12/2022,21.37884393
179,cws,3/12/2022,20.58640258
180,cws,3/12/2022,20.56031656
181,cws,3/12/2022,20.93161412
182,cws,3/12/2022,20.61657774
183,cws,3/12/2022,20.62587229
184,cws,3/12/2022,21.86049558
185,cws,3/12/2022,20.49647596
186,cws,3/12/2022,20.06055506
187,cws,3/12/2022,16.44995173
188,cws,3/12/2022,22.71134394
190,cws,3/12/2022,19.26197833
192,cws,3/12/2022,18.15447984
193,cws,3/12/2022,18.05141165
194,cws,3/12/2022,19.4319718
195,cws,3/12/2022,21.20814542
35,cws,3/12/2022,21.8432026
34,cws,3/12/2022,22.17646317
33,cws,3/12/2022,19.96671689
17,cws,3/12/2022,21.0680367
18,cws,3/12/2022,20.1784049
16,cws,3/12/2022,20.96257283
15,cws,3/12/2022,19.85917517
14,cws,3/12/2022,21.80741755
13,cws,3/12/2022,21.4214896
114,cws,3/12/2022,21.16433273
115,cws,3/12/2022,21.17711663
20,cws,3/12/2022,21.24825112
21,cws,3/12/2022,21.57985602
2,cws,3/12/2022,21.39383286
25,cws,3/12/2022,21.17362036
117,cws,3/12/2022,20.90315986
5,cws,3/12/2022,20.68473963
7,cws,3/12/2022,22.03980602
9,cws,3/12/2022,20.70460403
11,cws,3/12/2022,19.84495028
12,cws,3/12/2022,21.57235935
22,cws,3/12/2022,20.75328947
23,cws,3/12/2022,20.61515017
24,cws,3/12/2022,22.44283137
26,cws,3/12/2022,19.96333951
27,cws,3/12/2022,21.66548261
28,cws,3/12/2022,20.94439154
29,cws,3/12/2022,22.09453286
30,cws,3/12/2022,22.58591987
31,cws,3/12/2022,21.92081023
32,cws,3/12/2022,23.04943441
36,cws,3/12/2022,20.48105295
37,cws,3/12/2022,19.93942207
38,cws,3/12/2022,21.44734186
39,cws,3/12/2022,20.94498599
40,cws,3/12/2022,22.3467339
41,cws,3/12/2022,20.29232692
42,cws,3/12/2022,20.80481584
43,cws,3/12/2022,21.91603152
45,cws,3/12/2022,20.38823491
46,cws,3/12/2022,20.53621076
47,cws,3/12/2022,21.48662947
48,cws,3/12/2022,21.15037682
49,cws,3/12/2022,19.85623576
50,cws,3/12/2022,20.92755255
51,cws,3/12/2022,20.49167353
52,cws,3/12/2022,23.41256215
53,cws,3/12/2022,20.53844408
54,cws,3/12/2022,20.61184975
55,cws,3/12/2022,21.05664899
56,cws,3/12/2022,20.09737952
57,cws,3/12/2022,20.03397818
58,cws,3/12/2022,19.93685268
59,cws,3/12/2022,20.36567863
60,cws,3/12/2022,19.64230155
61,cws,3/12/2022,17.66150709
62,cws,3/12/2022,21.32040375
63,cws,3/12/2022,22.25802819
64,cws,3/12/2022,19.58797995
65,cws,3/12/2022,20.81965124
66,cws,3/12/2022,21.21743255
67,cws,3/12/2022,22.51885033
68,cws,3/12/2022,20.78910552
69,cws,3/12/2022,20.39524144
70,cws,3/12/2022,19.88937788
71,cws,3/12/2022,22.52580444
72,cws,3/12/2022,20.72862744
73,cws,3/12/2022,20.88543808
74,cws,3/12/2022,20.05822993
75,cws,3/12/2022,21.70974162
76,cws,3/12/2022,21.06093269
77,cws,3/12/2022,19.3405502
78,cws,3/12/2022,19.18077109
79,cws,3/12/2022,20.69904383
80,cws,3/12/2022,21.34233303
81,cws,3/12/2022,19.84677764
82,cws,3/12/2022,20.98269158
83,cws,3/12/2022,22.174894
84,cws,3/12/2022,21.32782609
85,cws,3/12/2022,21.25357854
86,cws,3/12/2022,20.44813953
87,cws,3/12/2022,19.95554416
88,cws,3/12/2022,22.28823784
89,cws,3/12/2022,20.43466709
90,cws,3/12/2022,20.27710605
91,cws,3/12/2022,22.44518483
92,cws,3/12/2022,20.60333901
93,cws,3/12/2022,20.7238232
94,cws,3/12/2022,20.2119295
95,cws,3/12/2022,22.35655676
96,cws,3/12/2022,20.12249949
97,cws,3/12/2022,20.95514302
98,cws,3/12/2022,22.39789316
99,cws,3/12/2022,22.84516798
100,cws,3/12/2022,22.30966388
101,cws,3/12/2022,23.01481171
102,cws,3/12/2022,20.55190563
104,cws,3/12/2022,20.40070938
105,cws,3/12/2022,19.98776467
106,cws,3/12/2022,20.4750697
107,cws,3/12/2022,22.57652625
108,cws,3/12/2022,22.11206119
109,cws,3/12/2022,21.63410675
110,cws,3/12/2022,23.22438492
111,cws,3/12/2022,22.71360681
112,cws,3/12/2022,20.22537497
113,cws,3/12/2022,19.28554446
116,cws,3/12/2022,20.30584702
8,cws,3/12/2022,18.4224567
6,cws,3/12/2022,18.71680066
4,cws,3/12/2022,22.66907422
3,cws,3/12/2022,20.48878505
19,cws,3/12/2022,20.45864908
1,cws,3/12/2022,21.33687884
118,cws,3/12/2022,23.47896918
119,cws,3/12/2022,22.44802139
120,cws,3/12/2022,22.43659202
122,cws,3/12/2022,20.97024639
121,cws,3/12/2022,21.8220502
123,cws,3/12/2022,20.27389249
124,cws,3/12/2022,20.01966329
125,cws,3/12/2022,20.83705732
126,cws,3/12/2022,19.82377095
127,cws,3/12/2022,20.5551074
128,cws,3/12/2022,20.38755748
130,cws,3/12/2022,21.56545907
131,cws,3/12/2022,21.6336983
132,cws,3/12/2022,21.97167021
133,cws,3/12/2022,23.04967498
134,cws,3/12/2022,20.6948333
135,cws,3/12/2022,21.46499463
136,cws,3/12/2022,20.69912573
137,cws,3/12/2022,20.41765605
140,cws,3/12/2022,21.68172558
141,cws,3/12/2022,18.84715495
142,cws,3/12/2022,19.58999634
143,cws,3/12/2022,20.02514398
144,cws,3/12/2022,20.88375268
145,cws,3/12/2022,20.50016911
146,cws,3/12/2022,20.65674665
147,cws,3/12/2022,18.90446248
148,cws,3/12/2022,20.03681452
149,cws,3/12/2022,18.51734574
151,cws,3/12/2022,19.26654212
152,cws,3/12/2022,18.04804365
153,cws,3/12/2022,19.79153757
154,cws,3/12/2022,-9999
155,cws,3/12/2022,21.37200099
156,cws,3/12/2022,19.42849625
157,cws,3/12/2022,19.12805419
158,cws,3/12/2022,20.47919103
159,cws,3/12/2022,18.72568401
160,cws,3/12/2022,19.65321049
161,cws,3/12/2022,21.7067922
162,cws,3/12/2022,18.02887562
163,cws,3/12/2022,20.09990143
164,cws,3/12/2022,19.96475864
165,cws,3/12/2022,22.8733331
166,cws,3/12/2022,23.29986868
167,cws,3/12/2022,20.59054491
168,cws,3/12/2022,21.52998596
169,cws,3/12/2022,22.69133301
170,cws,3/12/2022,19.27132474
171,cws,3/12/2022,19.37538129
173,cws,3/12/2022,21.32501826
174,cws,3/12/2022,21.49201941
400,prws,3/12/2022,18.24473404
200,prws,3/12/2022,19.70418477
600,prws,3/12/2022,20.09103566
500,prws,3/12/2022,21.68088981
300,prws,3/12/2022,20.64933828
1074,cws,3/12/2022,20.99445889
1084,cws,3/12/2022,-9999
1097,cws,3/12/2022,-9999
1116,cws,3/12/2022,20.65626224
1154,cws,3/12/2022,21.91879555
1217,cws,3/12/2022,22.54334517
1249,cws,3/12/2022,-9999
1256,cws,3/12/2022,18.46597781
1301,cws,3/12/2022,-9999
1365,cws,3/12/2022,21.21959875
138,cws,3/12/2022,22.09765305
139,cws,3/12/2022,19.78612401
1004,cws,27/12/2022,23.98930344
1010,cws,27/12/2022,28.30850835
1011,cws,27/12/2022,27.62232573
1016,cws,27/12/2022,29.65316086
1017,cws,27/12/2022,27.47810291
1026,cws,27/12/2022,27.45949136
1030,cws,27/12/2022,26.89021384
1031,cws,27/12/2022,25.04086234
1036,cws,27/12/2022,28.55377338
1039,cws,27/12/2022,28.30209139
1056,cws,27/12/2022,26.42782751
1067,cws,27/12/2022,27.11606537
1069,cws,27/12/2022,28.75971768
1077,cws,27/12/2022,27.06399158
1078,cws,27/12/2022,27.91895031
1085,cws,27/12/2022,26.29429067
1088,cws,27/12/2022,29.71359704
1093,cws,27/12/2022,28.89138895
1094,cws,27/12/2022,29.07613237
1099,cws,27/12/2022,29.73757466
1101,cws,27/12/2022,25.64500557
1104,cws,27/12/2022,27.041881
1113,cws,27/12/2022,27.47673814
1114,cws,27/12/2022,27.9722687
1115,cws,27/12/2022,28.8590109
1121,cws,27/12/2022,27.31244499
1122,cws,27/12/2022,26.92965223
1126,cws,27/12/2022,28.88782715
1130,cws,27/12/2022,26.6606741
1142,cws,27/12/2022,27.63464638
1144,cws,27/12/2022,26.83375014
1149,cws,27/12/2022,27.94088348
1159,cws,27/12/2022,28.66191053
1160,cws,27/12/2022,27.17910766
1166,cws,27/12/2022,29.00468441
1168,cws,27/12/2022,27.21954776
1169,cws,27/12/2022,26.36737746
1180,cws,27/12/2022,28.22118332
1182,cws,27/12/2022,27.21015255
1185,cws,27/12/2022,26.83339643
1186,cws,27/12/2022,27.92352248
1188,cws,27/12/2022,27.89617682
1191,cws,27/12/2022,27.95822357
1192,cws,27/12/2022,27.01773396
1197,cws,27/12/2022,26.2326385
1203,cws,27/12/2022,28.41518504
1204,cws,27/12/2022,26.49950318
1209,cws,27/12/2022,26.83107139
1211,cws,27/12/2022,28.02280886
1215,cws,27/12/2022,26.49970198
1218,cws,27/12/2022,26.9326905
1219,cws,27/12/2022,27.18965012
1222,cws,27/12/2022,26.33502369
1227,cws,27/12/2022,28.67770037
1228,cws,27/12/2022,28.94405343
1229,cws,27/12/2022,26.81392607
1230,cws,27/12/2022,27.58071231
1235,cws,27/12/2022,27.2403163
1238,cws,27/12/2022,29.90724955
1248,cws,27/12/2022,27.64582395
1258,cws,27/12/2022,27.89350785
1259,cws,27/12/2022,-9999
1263,cws,27/12/2022,28.5989497
1269,cws,27/12/2022,25.29697516
1279,cws,27/12/2022,26.5951622
1281,cws,27/12/2022,27.4117435
1292,cws,27/12/2022,27.45903859
1297,cws,27/12/2022,27.39447383
1302,cws,27/12/2022,25.90762995
1324,cws,27/12/2022,27.49792446
1338,cws,27/12/2022,28.58859602
1345,cws,27/12/2022,27.73610617
1348,cws,27/12/2022,26.40691955
1349,cws,27/12/2022,28.60043097
1350,cws,27/12/2022,26.9836579
1354,cws,27/12/2022,27.68365939
1355,cws,27/12/2022,28.35802755
1360,cws,27/12/2022,27.26199224
1366,cws,27/12/2022,26.97048568
1377,cws,27/12/2022,27.03773846
1381,cws,27/12/2022,27.85764629
175,cws,27/12/2022,27.80345607
176,cws,27/12/2022,26.25839894
177,cws,27/12/2022,27.54708671
179,cws,27/12/2022,26.77547758
180,cws,27/12/2022,26.62406557
181,cws,27/12/2022,26.51503102
182,cws,27/12/2022,26.21749683
183,cws,27/12/2022,26.48603415
184,cws,27/12/2022,27.79083854
185,cws,27/12/2022,27.00855801
186,cws,27/12/2022,26.60243739
187,cws,27/12/2022,22.9792
188,cws,27/12/2022,27.97857155
190,cws,27/12/2022,25.98626354
192,cws,27/12/2022,25.75574282
193,cws,27/12/2022,25.74427391
194,cws,27/12/2022,27.11056648
195,cws,27/12/2022,27.33380236
35,cws,27/12/2022,28.28390223
34,cws,27/12/2022,28.60148606
33,cws,27/12/2022,26.33246138
17,cws,27/12/2022,27.34138623
18,cws,27/12/2022,26.35356148
16,cws,27/12/2022,27.12883473
15,cws,27/12/2022,26.05176507
14,cws,27/12/2022,28.04595691
13,cws,27/12/2022,27.68716717
114,cws,27/12/2022,27.03950449
115,cws,27/12/2022,26.99610421
20,cws,27/12/2022,27.21318155
21,cws,27/12/2022,27.64494792
2,cws,27/12/2022,27.42395769
25,cws,27/12/2022,27.43947256
117,cws,27/12/2022,26.68302098
5,cws,27/12/2022,26.50640839
7,cws,27/12/2022,27.63244639
9,cws,27/12/2022,26.35000362
11,cws,27/12/2022,25.98634863
12,cws,27/12/2022,27.79746717
22,cws,27/12/2022,26.85712293
23,cws,27/12/2022,26.70352375
24,cws,27/12/2022,28.67325251
26,cws,27/12/2022,26.56367546
27,cws,27/12/2022,27.31478768
28,cws,27/12/2022,26.5252588
29,cws,27/12/2022,27.66346674
30,cws,27/12/2022,28.19733431
31,cws,27/12/2022,27.55097551
32,cws,27/12/2022,28.65983498
36,cws,27/12/2022,26.94455941
37,cws,27/12/2022,26.42694621
38,cws,27/12/2022,28.00384314
39,cws,27/12/2022,27.46210255
40,cws,27/12/2022,28.80445762
41,cws,27/12/2022,27.03004717
42,cws,27/12/2022,27.50682189
43,cws,27/12/2022,28.72836149
45,cws,27/12/2022,27.69176344
46,cws,27/12/2022,27.92886484
47,cws,27/12/2022,28.79882931
48,cws,27/12/2022,28.38253663
49,cws,27/12/2022,27.62974533
50,cws,27/12/2022,27.68391425
51,cws,27/12/2022,27.34394152
52,cws,27/12/2022,30.56539709
53,cws,27/12/2022,27.73701676
54,cws,27/12/2022,28.42116658
55,cws,27/12/2022,27.53634458
56,cws,27/12/2022,26.41548248
57,cws,27/12/2022,26.42238099
58,cws,27/12/2022,25.75628545
59,cws,27/12/2022,26.80307042
60,cws,27/12/2022,26.44703507
61,cws,27/12/2022,24.49995647
62,cws,27/12/2022,27.61043874
63,cws,27/12/2022,27.86943339
64,cws,27/12/2022,25.07729103
65,cws,27/12/2022,26.27207934
66,cws,27/12/2022,26.60865169
67,cws,27/12/2022,27.98043967
68,cws,27/12/2022,26.49592689
69,cws,27/12/2022,26.00950705
70,cws,27/12/2022,25.7003848
71,cws,27/12/2022,28.45620609
72,cws,27/12/2022,27.21678304
73,cws,27/12/2022,27.48822866
74,cws,27/12/2022,27.04163722
75,cws,27/12/2022,27.75500112
76,cws,27/12/2022,28.74055912
77,cws,27/12/2022,26.43275501
78,cws,27/12/2022,26.3653054
79,cws,27/12/2022,26.08604246
80,cws,27/12/2022,26.83415766
81,cws,27/12/2022,25.99648284
82,cws,27/12/2022,27.42580474
83,cws,27/12/2022,28.69819934
84,cws,27/12/2022,27.31850542
85,cws,27/12/2022,27.33728741
86,cws,27/12/2022,26.64448424
87,cws,27/12/2022,26.4297543
88,cws,27/12/2022,28.49908453
89,cws,27/12/2022,26.42058691
90,cws,27/12/2022,25.82537952
91,cws,27/12/2022,27.90203064
92,cws,27/12/2022,26.10888949
93,cws,27/12/2022,26.25517981
94,cws,27/12/2022,26.21866025
95,cws,27/12/2022,27.39853165
96,cws,27/12/2022,25.61946502
97,cws,27/12/2022,26.54986126
98,cws,27/12/2022,28.04955006
99,cws,27/12/2022,28.57469026
100,cws,27/12/2022,28.21389056
101,cws,27/12/2022,28.83505536
102,cws,27/12/2022,26.14759905
104,cws,27/12/2022,26.45354296
105,cws,27/12/2022,26.10153813
106,cws,27/12/2022,25.96456633
107,cws,27/12/2022,28.24709751
108,cws,27/12/2022,27.78762882
109,cws,27/12/2022,26.86284276
110,cws,27/12/2022,29.28922058
111,cws,27/12/2022,28.55155384
112,cws,27/12/2022,27.19093891
113,cws,27/12/2022,26.42392637
116,cws,27/12/2022,26.32559714
8,cws,27/12/2022,25.85030929
6,cws,27/12/2022,26.26161206
4,cws,27/12/2022,28.26488839
3,cws,27/12/2022,26.71694766
19,cws,27/12/2022,27.02317781
1,cws,27/12/2022,27.15664651
118,cws,27/12/2022,29.06301938
119,cws,27/12/2022,28.18665335
120,cws,27/12/2022,27.68149444
122,cws,27/12/2022,27.07809981
121,cws,27/12/2022,27.96955848
123,cws,27/12/2022,26.42272021
124,cws,27/12/2022,25.98593285
125,cws,27/12/2022,26.68266317
126,cws,27/12/2022,25.93158826
127,cws,27/12/2022,26.77710839
128,cws,27/12/2022,26.96590104
130,cws,27/12/2022,27.06812897
131,cws,27/12/2022,27.32484276
132,cws,27/12/2022,27.42688334
133,cws,27/12/2022,28.81607271
134,cws,27/12/2022,26.56804854
135,cws,27/12/2022,27.34305633
136,cws,27/12/2022,26.51529299
137,cws,27/12/2022,26.11612941
140,cws,27/12/2022,27.17232589
141,cws,27/12/2022,25.14726074
142,cws,27/12/2022,25.21325052
143,cws,27/12/2022,26.52037236
144,cws,27/12/2022,27.83349435
145,cws,27/12/2022,26.95347813
146,cws,27/12/2022,26.29715054
147,cws,27/12/2022,24.70358009
148,cws,27/12/2022,25.80215641
149,cws,27/12/2022,24.79893241
151,cws,27/12/2022,25.41455663
152,cws,27/12/2022,24.87023751
153,cws,27/12/2022,27.8286669
154,cws,27/12/2022,-9999
155,cws,27/12/2022,28.83299195
156,cws,27/12/2022,26.35666783
157,cws,27/12/2022,24.99435503
158,cws,27/12/2022,28.38401321
159,cws,27/12/2022,26.27868222
160,cws,27/12/2022,27.15132467
161,cws,27/12/2022,28.96365079
162,cws,27/12/2022,25.51486309
163,cws,27/12/2022,26.83126458
164,cws,27/12/2022,25.35018841
165,cws,27/12/2022,29.07374403
166,cws,27/12/2022,29.41996211
167,cws,27/12/2022,26.70208171
168,cws,27/12/2022,27.7658145
169,cws,27/12/2022,28.65003442
170,cws,27/12/2022,25.01803384
171,cws,27/12/2022,26.21749388
173,cws,27/12/2022,27.12167453
174,cws,27/12/2022,26.92943523
400,prws,27/12/2022,24.55006987
200,prws,27/12/2022,26.22361185
600,prws,27/12/2022,27.54385828
500,prws,27/12/2022,27.39234288
300,prws,27/12/2022,26.46378363
1074,cws,27/12/2022,26.44160895
1084,cws,27/12/2022,-9999
1097,cws,27/12/2022,-9999
1116,cws,27/12/2022,26.81388425
1154,cws,27/12/2022,27.75732127
1217,cws,27/12/2022,28.18887559
1249,cws,27/12/2022,-9999
1256,cws,27/12/2022,25.51610918
1301,cws,27/12/2022,-9999
1365,cws,27/12/2022,27.39322798
138,cws,27/12/2022,28.47601329
139,cws,27/12/2022,25.64282386
1004,cws,7/01/2023,15.18975071
1010,cws,7/01/2023,19.63898935
1011,cws,7/01/2023,17.62047041
1016,cws,7/01/2023,20.36502416
1017,cws,7/01/2023,18.80606645
1026,cws,7/01/2023,17.87219354
1030,cws,7/01/2023,18.36326342
1031,cws,7/01/2023,15.5431182
1036,cws,7/01/2023,18.95473652
1039,cws,7/01/2023,18.878729
1056,cws,7/01/2023,20.04777338
1067,cws,7/01/2023,17.14439027
1069,cws,7/01/2023,19.06791713
1077,cws,7/01/2023,21.20630244
1078,cws,7/01/2023,19.34618753
1085,cws,7/01/2023,18.01730538
1088,cws,7/01/2023,20.09282204
1093,cws,7/01/2023,20.74980678
1094,cws,7/01/2023,20.31125933
1099,cws,7/01/2023,18.64926662
1101,cws,7/01/2023,17.26994445
1104,cws,7/01/2023,18.19351536
1113,cws,7/01/2023,17.66011975
1114,cws,7/01/2023,18.23444294
1115,cws,7/01/2023,18.73587224
1121,cws,7/01/2023,18.52011718
1122,cws,7/01/2023,18.41329677
1126,cws,7/01/2023,19.55009541
1130,cws,7/01/2023,17.6427436
1142,cws,7/01/2023,17.82811979
1144,cws,7/01/2023,18.31886103
1149,cws,7/01/2023,18.34449468
1159,cws,7/01/2023,19.87678833
1160,cws,7/01/2023,17.48633044
1166,cws,7/01/2023,20.99134938
1168,cws,7/01/2023,16.73927172
1169,cws,7/01/2023,16.62636062
1180,cws,7/01/2023,18.66553316
1182,cws,7/01/2023,19.50501412
1185,cws,7/01/2023,17.88638878
1186,cws,7/01/2023,19.45556346
1188,cws,7/01/2023,18.34852792
1191,cws,7/01/2023,18.36467414
1192,cws,7/01/2023,18.53305999
1197,cws,7/01/2023,17.4562626
1203,cws,7/01/2023,19.4619836
1204,cws,7/01/2023,18.0439366
1209,cws,7/01/2023,17.02986818
1211,cws,7/01/2023,17.75918765
1215,cws,7/01/2023,18.22428424
1218,cws,7/01/2023,18.38734119
1219,cws,7/01/2023,18.45057909
1222,cws,7/01/2023,17.69531184
1227,cws,7/01/2023,20.12584682
1228,cws,7/01/2023,20.27089377
1229,cws,7/01/2023,17.8205411
1230,cws,7/01/2023,18.87423752
1235,cws,7/01/2023,18.85959935
1238,cws,7/01/2023,21.4979375
1248,cws,7/01/2023,19.01542258
1258,cws,7/01/2023,19.47359604
1259,cws,7/01/2023,-9999
1263,cws,7/01/2023,17.85292767
1269,cws,7/01/2023,16.51898496
1279,cws,7/01/2023,17.81025253
1281,cws,7/01/2023,17.61043085
1292,cws,7/01/2023,18.6925061
1297,cws,7/01/2023,16.97808715
1302,cws,7/01/2023,17.22217353
1324,cws,7/01/2023,18.96539438
1338,cws,7/01/2023,18.77053341
1345,cws,7/01/2023,19.01707312
1348,cws,7/01/2023,16.9006109
1349,cws,7/01/2023,19.68358011
1350,cws,7/01/2023,17.66975865
1354,cws,7/01/2023,18.29967672
1355,cws,7/01/2023,19.67022492
1360,cws,7/01/2023,18.76150649
1366,cws,7/01/2023,18.10261508
1377,cws,7/01/2023,16.17575154
1381,cws,7/01/2023,19.69523611
175,cws,7/01/2023,19.45106319
176,cws,7/01/2023,17.72061565
177,cws,7/01/2023,19.07837573
179,cws,7/01/2023,17.67282539
180,cws,7/01/2023,17.7549147
181,cws,7/01/2023,17.86707553
182,cws,7/01/2023,17.55373263
183,cws,7/01/2023,17.8212148
184,cws,7/01/2023,19.20623753
185,cws,7/01/2023,18.08083342
186,cws,7/01/2023,17.66738208
187,cws,7/01/2023,14.22865545
188,cws,7/01/2023,20.046973
190,cws,7/01/2023,17.95158077
192,cws,7/01/2023,16.83879731
193,cws,7/01/2023,16.36645766
194,cws,7/01/2023,17.73016107
195,cws,7/01/2023,18.61166071
35,cws,7/01/2023,19.54421998
34,cws,7/01/2023,19.86819132
33,cws,7/01/2023,17.59542794
17,cws,7/01/2023,18.70185793
18,cws,7/01/2023,17.79486627
16,cws,7/01/2023,18.56423434
15,cws,7/01/2023,17.46096158
14,cws,7/01/2023,19.39538633
13,cws,7/01/2023,18.98837378
114,cws,7/01/2023,18.35524532
115,cws,7/01/2023,18.28869692
20,cws,7/01/2023,18.69896748
21,cws,7/01/2023,19.12324994
2,cws,7/01/2023,18.91359353
25,cws,7/01/2023,18.85057718
117,cws,7/01/2023,18.02828029
5,cws,7/01/2023,17.88573205
7,cws,7/01/2023,19.02436245
9,cws,7/01/2023,17.79677789
11,cws,7/01/2023,17.63545661
12,cws,7/01/2023,19.16232549
22,cws,7/01/2023,18.31597891
23,cws,7/01/2023,18.15646491
24,cws,7/01/2023,20.08682453
26,cws,7/01/2023,17.63214792
27,cws,7/01/2023,18.76806932
28,cws,7/01/2023,17.94260764
29,cws,7/01/2023,19.05688662
30,cws,7/01/2023,19.47779283
31,cws,7/01/2023,18.79319741
32,cws,7/01/2023,19.90656433
36,cws,7/01/2023,18.10166465
37,cws,7/01/2023,17.55756468
38,cws,7/01/2023,19.13506574
39,cws,7/01/2023,18.61025899
40,cws,7/01/2023,20.15007812
41,cws,7/01/2023,18.14518621
42,cws,7/01/2023,18.68113942
43,cws,7/01/2023,19.86324943
45,cws,7/01/2023,18.55905464
46,cws,7/01/2023,18.76623426
47,cws,7/01/2023,19.86118901
48,cws,7/01/2023,19.54728579
49,cws,7/01/2023,18.14762643
50,cws,7/01/2023,18.80593958
51,cws,7/01/2023,18.45852923
52,cws,7/01/2023,21.53432103
53,cws,7/01/2023,18.58759941
54,cws,7/01/2023,18.61508776
55,cws,7/01/2023,18.86463378
56,cws,7/01/2023,17.7591962
57,cws,7/01/2023,17.92024238
58,cws,7/01/2023,17.58889914
59,cws,7/01/2023,18.31876043
60,cws,7/01/2023,17.71210547
61,cws,7/01/2023,16.41141618
62,cws,7/01/2023,19.58034556
63,cws,7/01/2023,20.041286
64,cws,7/01/2023,17.29483631
65,cws,7/01/2023,18.72352886
66,cws,7/01/2023,19.11598975
67,cws,7/01/2023,20.30798328
68,cws,7/01/2023,18.40521508
69,cws,7/01/2023,18.0803318
70,cws,7/01/2023,17.57784105
71,cws,7/01/2023,20.00398954
72,cws,7/01/2023,18.39896307
73,cws,7/01/2023,18.5937332
74,cws,7/01/2023,17.73923654
75,cws,7/01/2023,19.19241223
76,cws,7/01/2023,19.11637552
77,cws,7/01/2023,16.7285661
78,cws,7/01/2023,16.75965715
79,cws,7/01/2023,18.57914271
80,cws,7/01/2023,19.00137605
81,cws,7/01/2023,17.24402125
82,cws,7/01/2023,18.35165018
83,cws,7/01/2023,19.28813433
84,cws,7/01/2023,18.64023678
85,cws,7/01/2023,18.77273653
86,cws,7/01/2023,17.94221279
87,cws,7/01/2023,17.34334548
88,cws,7/01/2023,19.66015139
89,cws,7/01/2023,17.7215893
90,cws,7/01/2023,17.58800853
91,cws,7/01/2023,19.62548865
92,cws,7/01/2023,17.82894817
93,cws,7/01/2023,17.88794335
94,cws,7/01/2023,17.63559394
95,cws,7/01/2023,19.71713137
96,cws,7/01/2023,17.27950383
97,cws,7/01/2023,17.92045447
98,cws,7/01/2023,19.26390764
99,cws,7/01/2023,19.72129733
100,cws,7/01/2023,19.46898116
101,cws,7/01/2023,20.30734438
102,cws,7/01/2023,17.68634052
104,cws,7/01/2023,17.58739523
105,cws,7/01/2023,17.38939124
106,cws,7/01/2023,17.55651077
107,cws,7/01/2023,19.63915803
108,cws,7/01/2023,18.97840687
109,cws,7/01/2023,18.4481109
110,cws,7/01/2023,20.95853788
111,cws,7/01/2023,20.38131641
112,cws,7/01/2023,18.35237527
113,cws,7/01/2023,16.23293885
116,cws,7/01/2023,17.74086871
8,cws,7/01/2023,17.00956636
6,cws,7/01/2023,17.22727048
4,cws,7/01/2023,19.79515234
3,cws,7/01/2023,17.62244837
19,cws,7/01/2023,18.36490675
1,cws,7/01/2023,18.66111095
118,cws,7/01/2023,20.74805004
119,cws,7/01/2023,19.62785605
120,cws,7/01/2023,19.74630706
122,cws,7/01/2023,18.18099189
121,cws,7/01/2023,19.49951073
123,cws,7/01/2023,17.82317697
124,cws,7/01/2023,17.48176868
125,cws,7/01/2023,18.50523609
126,cws,7/01/2023,16.71808951
127,cws,7/01/2023,17.73861787
128,cws,7/01/2023,18.31525187
130,cws,7/01/2023,18.44669719
131,cws,7/01/2023,18.44239525
132,cws,7/01/2023,18.65997134
133,cws,7/01/2023,19.97247035
134,cws,7/01/2023,17.74180754
135,cws,7/01/2023,18.78665657
136,cws,7/01/2023,17.50763879
137,cws,7/01/2023,17.60569255
140,cws,7/01/2023,18.52399557
141,cws,7/01/2023,16.21357649
142,cws,7/01/2023,16.68262069
143,cws,7/01/2023,17.72387961
144,cws,7/01/2023,17.98613894
145,cws,7/01/2023,17.67366216
146,cws,7/01/2023,17.44029942
147,cws,7/01/2023,15.65899888
148,cws,7/01/2023,17.35020848
149,cws,7/01/2023,16.31138449
151,cws,7/01/2023,16.52680937
152,cws,7/01/2023,15.46450213
153,cws,7/01/2023,16.91177226
154,cws,7/01/2023,-9999
155,cws,7/01/2023,18.90927362
156,cws,7/01/2023,17.31187389
157,cws,7/01/2023,18.41274132
158,cws,7/01/2023,18.532596
159,cws,7/01/2023,16.75461764
160,cws,7/01/2023,17.12688055
161,cws,7/01/2023,19.16261742
162,cws,7/01/2023,16.61370603
163,cws,7/01/2023,17.08681213
164,cws,7/01/2023,19.04341561
165,cws,7/01/2023,19.6647449
166,cws,7/01/2023,19.83393274
167,cws,7/01/2023,17.16339111
168,cws,7/01/2023,18.24618271
169,cws,7/01/2023,19.6936173
170,cws,7/01/2023,16.31526199
171,cws,7/01/2023,18.73589062
173,cws,7/01/2023,18.46382574
174,cws,7/01/2023,19.68862866
400,prws,7/01/2023,15.57719565
200,prws,7/01/2023,17.09514447
600,prws,7/01/2023,17.99231992
500,prws,7/01/2023,19.21894647
300,prws,7/01/2023,17.92843145
1074,cws,7/01/2023,17.77465893
1084,cws,7/01/2023,-9999
1097,cws,7/01/2023,-9999
1116,cws,7/01/2023,17.11830211
1154,cws,7/01/2023,19.15321032
1217,cws,7/01/2023,19.44315346
1249,cws,7/01/2023,-9999
1256,cws,7/01/2023,15.12782387
1301,cws,7/01/2023,-9999
1365,cws,7/01/2023,17.91179277
138,cws,7/01/2023,19.2552548
139,cws,7/01/2023,16.87898093
1004,cws,27/01/2023,15.82087927
1010,cws,27/01/2023,20.7821313
1011,cws,27/01/2023,19.87281245
1016,cws,27/01/2023,21.47234124
1017,cws,27/01/2023,20.50822081
1026,cws,27/01/2023,20.07280541
1030,cws,27/01/2023,20.08474161
1031,cws,27/01/2023,16.70614011
1036,cws,27/01/2023,21.36556481
1039,cws,27/01/2023,20.62125946
1056,cws,27/01/2023,21.05151968
1067,cws,27/01/2023,19.31681579
1069,cws,27/01/2023,21.59057561
1077,cws,27/01/2023,22.54915205
1078,cws,27/01/2023,21.26640052
1085,cws,27/01/2023,19.81053482
1088,cws,27/01/2023,22.25013448
1093,cws,27/01/2023,22.40438274
1094,cws,27/01/2023,21.56610988
1099,cws,27/01/2023,20.35270431
1101,cws,27/01/2023,18.97900222
1104,cws,27/01/2023,20.45540812
1113,cws,27/01/2023,18.96509158
1114,cws,27/01/2023,19.91028368
1115,cws,27/01/2023,20.75128795
1121,cws,27/01/2023,20.28341751
1122,cws,27/01/2023,19.77282078
1126,cws,27/01/2023,21.60936313
1130,cws,27/01/2023,19.17692709
1142,cws,27/01/2023,20.41125915
1144,cws,27/01/2023,19.34890502
1149,cws,27/01/2023,20.42753015
1159,cws,27/01/2023,22.16079004
1160,cws,27/01/2023,19.97377283
1166,cws,27/01/2023,22.78323764
1168,cws,27/01/2023,19.98500385
1169,cws,27/01/2023,19.31902251
1180,cws,27/01/2023,20.02573274
1182,cws,27/01/2023,20.66361873
1185,cws,27/01/2023,19.13015156
1186,cws,27/01/2023,21.6213318
1188,cws,27/01/2023,20.39024772
1191,cws,27/01/2023,19.91892902
1192,cws,27/01/2023,20.86948222
1197,cws,27/01/2023,18.57017082
1203,cws,27/01/2023,20.73055157
1204,cws,27/01/2023,20.12885959
1209,cws,27/01/2023,19.63187504
1211,cws,27/01/2023,19.99079015
1215,cws,27/01/2023,19.52778523
1218,cws,27/01/2023,20.31229672
1219,cws,27/01/2023,19.64084885
1222,cws,27/01/2023,18.94579277
1227,cws,27/01/2023,21.3292789
1228,cws,27/01/2023,22.18229939
1229,cws,27/01/2023,19.04904061
1230,cws,27/01/2023,20.83725056
1235,cws,27/01/2023,19.65846133
1238,cws,27/01/2023,23.60938743
1248,cws,27/01/2023,20.04987139
1258,cws,27/01/2023,20.61815975
1259,cws,27/01/2023,-9999
1263,cws,27/01/2023,19.66675343
1269,cws,27/01/2023,16.82913082
1279,cws,27/01/2023,20.19843832
1281,cws,27/01/2023,20.0516216
1292,cws,27/01/2023,19.57117778
1297,cws,27/01/2023,19.23503366
1302,cws,27/01/2023,19.41624066
1324,cws,27/01/2023,20.50179803
1338,cws,27/01/2023,21.36539648
1345,cws,27/01/2023,20.84661624
1348,cws,27/01/2023,18.26514138
1349,cws,27/01/2023,21.88565691
1350,cws,27/01/2023,20.00659127
1354,cws,27/01/2023,20.33487863
1355,cws,27/01/2023,21.39758962
1360,cws,27/01/2023,21.0106402
1366,cws,27/01/2023,19.33852168
1377,cws,27/01/2023,18.87640018
1381,cws,27/01/2023,21.26954732
175,cws,27/01/2023,21.56288272
176,cws,27/01/2023,19.7866375
177,cws,27/01/2023,20.80180829
179,cws,27/01/2023,19.66164126
180,cws,27/01/2023,19.52439876
181,cws,27/01/2023,19.60864842
182,cws,27/01/2023,19.302493
183,cws,27/01/2023,19.52420956
184,cws,27/01/2023,20.50135502
185,cws,27/01/2023,19.26388066
186,cws,27/01/2023,18.85301052
187,cws,27/01/2023,13.73409276
188,cws,27/01/2023,21.6746702
190,cws,27/01/2023,19.87465281
192,cws,27/01/2023,17.81627516
193,cws,27/01/2023,17.4775794
194,cws,27/01/2023,18.72929572
195,cws,27/01/2023,20.19899032
35,cws,27/01/2023,20.85159071
34,cws,27/01/2023,21.21811247
33,cws,27/01/2023,19.05497391
17,cws,27/01/2023,20.16080482
18,cws,27/01/2023,19.21902597
16,cws,27/01/2023,20.10956964
15,cws,27/01/2023,19.05633669
14,cws,27/01/2023,20.99113402
13,cws,27/01/2023,20.6197725
114,cws,27/01/2023,20.06809164
115,cws,27/01/2023,20.0443814
20,cws,27/01/2023,20.10545957
21,cws,27/01/2023,20.59133932
2,cws,27/01/2023,20.25217859
25,cws,27/01/2023,20.06199243
117,cws,27/01/2023,19.8478336
5,cws,27/01/2023,19.77706005
7,cws,27/01/2023,21.11059371
9,cws,27/01/2023,19.7351411
11,cws,27/01/2023,19.26097021
12,cws,27/01/2023,20.73428474
22,cws,27/01/2023,19.6034337
23,cws,27/01/2023,19.44585974
24,cws,27/01/2023,21.30142141
26,cws,27/01/2023,18.84635016
27,cws,27/01/2023,20.28703151
28,cws,27/01/2023,19.5261081
29,cws,27/01/2023,20.67860452
30,cws,27/01/2023,21.11488474
31,cws,27/01/2023,20.48775272
32,cws,27/01/2023,21.61955439
36,cws,27/01/2023,19.37048444
37,cws,27/01/2023,18.80175342
38,cws,27/01/2023,20.34233383
39,cws,27/01/2023,19.76652679
40,cws,27/01/2023,21.52258232
41,cws,27/01/2023,19.73830635
42,cws,27/01/2023,20.54899849
43,cws,27/01/2023,21.36714233
45,cws,27/01/2023,19.79133066
46,cws,27/01/2023,20.08649709
47,cws,27/01/2023,21.30007834
48,cws,27/01/2023,21.08121118
49,cws,27/01/2023,19.41197825
50,cws,27/01/2023,20.0036534
51,cws,27/01/2023,19.66328235
52,cws,27/01/2023,22.73089814
53,cws,27/01/2023,19.8004139
54,cws,27/01/2023,20.12152702
55,cws,27/01/2023,19.90317722
56,cws,27/01/2023,18.8961277
57,cws,27/01/2023,18.95512958
58,cws,27/01/2023,18.50162028
59,cws,27/01/2023,19.17275213
60,cws,27/01/2023,18.58240418
61,cws,27/01/2023,16.48445154
62,cws,27/01/2023,19.98166161
63,cws,27/01/2023,20.64488348
64,cws,27/01/2023,17.92522695
65,cws,27/01/2023,19.07790113
66,cws,27/01/2023,19.49820488
67,cws,27/01/2023,20.82306709
68,cws,27/01/2023,19.07953021
69,cws,27/01/2023,18.61873952
70,cws,27/01/2023,18.32569952
71,cws,27/01/2023,20.88952523
72,cws,27/01/2023,19.30200119
73,cws,27/01/2023,19.40345084
74,cws,27/01/2023,18.52537022
75,cws,27/01/2023,20.33381781
76,cws,27/01/2023,20.53353126
77,cws,27/01/2023,18.45500079
78,cws,27/01/2023,18.434402
79,cws,27/01/2023,18.86956705
80,cws,27/01/2023,19.69171516
81,cws,27/01/2023,18.15471712
82,cws,27/01/2023,19.44719544
83,cws,27/01/2023,20.72649394
84,cws,27/01/2023,19.18611436
85,cws,27/01/2023,19.0557017
86,cws,27/01/2023,18.8155097
87,cws,27/01/2023,18.45895973
88,cws,27/01/2023,20.73297938
89,cws,27/01/2023,18.94290015
90,cws,27/01/2023,18.4887068
91,cws,27/01/2023,20.8471984
92,cws,27/01/2023,19.23054666
93,cws,27/01/2023,19.23381092
94,cws,27/01/2023,17.95378302
95,cws,27/01/2023,20.52442946
96,cws,27/01/2023,18.15466416
97,cws,27/01/2023,19.59270084
98,cws,27/01/2023,21.10456936
99,cws,27/01/2023,21.58725522
100,cws,27/01/2023,21.26236039
101,cws,27/01/2023,22.27682713
102,cws,27/01/2023,18.96760367
104,cws,27/01/2023,19.2674428
105,cws,27/01/2023,18.7900754
106,cws,27/01/2023,19.73131095
107,cws,27/01/2023,21.99558673
108,cws,27/01/2023,21.27413668
109,cws,27/01/2023,20.66229044
110,cws,27/01/2023,22.47851829
111,cws,27/01/2023,21.63700496
112,cws,27/01/2023,19.907659
113,cws,27/01/2023,16.52188174
116,cws,27/01/2023,19.32204902
8,cws,27/01/2023,19.08255017
6,cws,27/01/2023,18.81155254
4,cws,27/01/2023,21.94616665
3,cws,27/01/2023,19.58333298
19,cws,27/01/2023,19.35799957
1,cws,27/01/2023,20.86509051
118,cws,27/01/2023,22.82300464
119,cws,27/01/2023,21.76755957
120,cws,27/01/2023,21.28043536
122,cws,27/01/2023,19.83857566
121,cws,27/01/2023,21.10284884
123,cws,27/01/2023,19.41513662
124,cws,27/01/2023,19.20913192
125,cws,27/01/2023,20.24979743
126,cws,27/01/2023,18.64858851
127,cws,27/01/2023,19.50890084
128,cws,27/01/2023,20.01084632
130,cws,27/01/2023,20.42424809
131,cws,27/01/2023,20.7852529
132,cws,27/01/2023,21.08733958
133,cws,27/01/2023,22.09668953
134,cws,27/01/2023,19.94673054
135,cws,27/01/2023,20.75364088
136,cws,27/01/2023,19.78187221
137,cws,27/01/2023,19.52049666
140,cws,27/01/2023,20.0156669
141,cws,27/01/2023,17.7527145
142,cws,27/01/2023,18.06311674
143,cws,27/01/2023,19.11057262
144,cws,27/01/2023,19.40993627
145,cws,27/01/2023,18.98988408
146,cws,27/01/2023,18.31074944
147,cws,27/01/2023,16.9193492
148,cws,27/01/2023,18.1973224
149,cws,27/01/2023,16.99460568
151,cws,27/01/2023,16.00760327
152,cws,27/01/2023,14.9218324
153,cws,27/01/2023,17.27145261
154,cws,27/01/2023,-9999
155,cws,27/01/2023,20.84686344
156,cws,27/01/2023,18.70000884
157,cws,27/01/2023,19.11321147
158,cws,27/01/2023,20.08999634
159,cws,27/01/2023,18.26727908
160,cws,27/01/2023,18.92293377
161,cws,27/01/2023,20.88925772
162,cws,27/01/2023,17.61593716
163,cws,27/01/2023,18.62982277
164,cws,27/01/2023,19.85754528
165,cws,27/01/2023,21.43702951
166,cws,27/01/2023,22.03994829
167,cws,27/01/2023,19.52247456
168,cws,27/01/2023,20.3315355
169,cws,27/01/2023,21.93718863
170,cws,27/01/2023,18.43896003
171,cws,27/01/2023,20.24806007
173,cws,27/01/2023,20.62507205
174,cws,27/01/2023,20.65092717
400,prws,27/01/2023,16.50122439
200,prws,27/01/2023,18.23918316
600,prws,27/01/2023,19.31655903
500,prws,27/01/2023,20.88396072
300,prws,27/01/2023,19.845322
1074,cws,27/01/2023,20.05345845
1084,cws,27/01/2023,-9999
1097,cws,27/01/2023,-9999
1116,cws,27/01/2023,19.81794329
1154,cws,27/01/2023,21.02573753
1217,cws,27/01/2023,21.44704248
1249,cws,27/01/2023,-9999
1256,cws,27/01/2023,15.95463092
1301,cws,27/01/2023,-9999
1365,cws,27/01/2023,20.3129708
138,cws,27/01/2023,21.22226702
139,cws,27/01/2023,18.8604447
1004,cws,25/12/2022,17.82999992
1010,cws,25/12/2022,20.70999908
1011,cws,25/12/2022,20.20999908
1016,cws,25/12/2022,22.25
1017,cws,25/12/2022,21.06999969
1026,cws,25/12/2022,20.75
1030,cws,25/12/2022,20.62999916
1031,cws,25/12/2022,18.14999962
1036,cws,25/12/2022,21.88999939
1039,cws,25/12/2022,21.19000053
1056,cws,25/12/2022,20.96999931
1067,cws,25/12/2022,19.64999962
1069,cws,25/12/2022,22.11000061
1077,cws,25/12/2022,21.61000061
1078,cws,25/12/2022,21.80999947
1085,cws,25/12/2022,19.11000061
1088,cws,25/12/2022,22.98999977
1093,cws,25/12/2022,22.22999954
1094,cws,25/12/2022,21.40999985
1099,cws,25/12/2022,21.93000031
1101,cws,25/12/2022,20.11000061
1104,cws,25/12/2022,20.67000008
1113,cws,25/12/2022,19.30999947
1114,cws,25/12/2022,19.64999962
1115,cws,25/12/2022,21.59000015
1121,cws,25/12/2022,19.67000008
1122,cws,25/12/2022,21.30999947
1126,cws,25/12/2022,22.32999992
1130,cws,25/12/2022,18.70999908
1142,cws,25/12/2022,21.14999962
1144,cws,25/12/2022,19.27000046
1149,cws,25/12/2022,21.22999954
1159,cws,25/12/2022,22.40999985
1160,cws,25/12/2022,20.43000031
1166,cws,25/12/2022,22.06999969
1168,cws,25/12/2022,20.30999947
1169,cws,25/12/2022,20.09000015
1180,cws,25/12/2022,21.27000046
1182,cws,25/12/2022,20.45000076
1185,cws,25/12/2022,18.04999924
1186,cws,25/12/2022,21.77000046
1188,cws,25/12/2022,21.22999954
1191,cws,25/12/2022,19.85000038
1192,cws,25/12/2022,20.95000076
1197,cws,25/12/2022,17.90999985
1203,cws,25/12/2022,20.95000076
1204,cws,25/12/2022,20.53000069
1209,cws,25/12/2022,20.38999939
1211,cws,25/12/2022,20.48999977
1215,cws,25/12/2022,20.43000031
1218,cws,25/12/2022,20.62999916
1219,cws,25/12/2022,19.56999969
1222,cws,25/12/2022,18.69000053
1227,cws,25/12/2022,21.19000053
1228,cws,25/12/2022,22.35000038
1229,cws,25/12/2022,18.01000023
1230,cws,25/12/2022,21.46999931
1235,cws,25/12/2022,20.06999969
1238,cws,25/12/2022,24.17000008
1248,cws,25/12/2022,19.79000092
1258,cws,25/12/2022,20.61000061
1259,cws,25/12/2022,-9999
1263,cws,25/12/2022,20.90999985
1269,cws,25/12/2022,18.27000046
1279,cws,25/12/2022,20.37000084
1281,cws,25/12/2022,20.59000015
1292,cws,25/12/2022,19.95000076
1297,cws,25/12/2022,19.67000008
1302,cws,25/12/2022,19.67000008
1324,cws,25/12/2022,20.61000061
1338,cws,25/12/2022,21.95000076
1345,cws,25/12/2022,21.29000092
1348,cws,25/12/2022,17.88999939
1349,cws,25/12/2022,22.48999977
1350,cws,25/12/2022,20.37000084
1354,cws,25/12/2022,21.11000061
1355,cws,25/12/2022,21.82999992
1360,cws,25/12/2022,21.25
1366,cws,25/12/2022,19.04999924
1377,cws,25/12/2022,19.40999985
1381,cws,25/12/2022,21.25
175,cws,25/12/2022,21.96999931
176,cws,25/12/2022,20.17000008
177,cws,25/12/2022,21.20999908
179,cws,25/12/2022,20.48999977
180,cws,25/12/2022,19.82999992
181,cws,25/12/2022,20.09000015
182,cws,25/12/2022,19.79000092
183,cws,25/12/2022,20.06999969
184,cws,25/12/2022,20.67000008
185,cws,25/12/2022,19.27000046
186,cws,25/12/2022,18.87000084
187,cws,25/12/2022,15.68999958
188,cws,25/12/2022,21.14999962
190,cws,25/12/2022,19.30999947
192,cws,25/12/2022,18.43000031
193,cws,25/12/2022,17.56999969
194,cws,25/12/2022,18.64999962
195,cws,25/12/2022,20.87000084
35,cws,25/12/2022,20.70999908
34,cws,25/12/2022,21.12999916
33,cws,25/12/2022,19.01000023
17,cws,25/12/2022,20.11000061
18,cws,25/12/2022,19.14999962
16,cws,25/12/2022,20.19000053
15,cws,25/12/2022,19.22999954
14,cws,25/12/2022,21.19000053
13,cws,25/12/2022,20.93000031
114,cws,25/12/2022,20.25
115,cws,25/12/2022,20.20999908
20,cws,25/12/2022,20.12999916
21,cws,25/12/2022,20.59000015
2,cws,25/12/2022,20.27000046
25,cws,25/12/2022,19.87000084
117,cws,25/12/2022,20.20999908
5,cws,25/12/2022,20.32999992
7,cws,25/12/2022,21.79000092
9,cws,25/12/2022,20.29000092
11,cws,25/12/2022,19.67000008
12,cws,25/12/2022,20.95000076
22,cws,25/12/2022,19.46999931
23,cws,25/12/2022,19.32999992
24,cws,25/12/2022,21.17000008
26,cws,25/12/2022,18.75
27,cws,25/12/2022,20.37000084
28,cws,25/12/2022,19.72999954
29,cws,25/12/2022,20.93000031
30,cws,25/12/2022,21.45000076
31,cws,25/12/2022,20.90999985
32,cws,25/12/2022,22.04999924
36,cws,25/12/2022,19.03000069
37,cws,25/12/2022,18.20999908
38,cws,25/12/2022,20.11000061
39,cws,25/12/2022,19.59000015
40,cws,25/12/2022,21.29000092
41,cws,25/12/2022,18.93000031
42,cws,25/12/2022,20.09000015
43,cws,25/12/2022,20.70999908
45,cws,25/12/2022,19.03000069
46,cws,25/12/2022,19.45000076
47,cws,25/12/2022,20.64999962
48,cws,25/12/2022,20.45000076
49,cws,25/12/2022,19.14999962
50,cws,25/12/2022,19.56999969
51,cws,25/12/2022,19.19000053
52,cws,25/12/2022,21.96999931
53,cws,25/12/2022,19.22999954
54,cws,25/12/2022,19.72999954
55,cws,25/12/2022,19.64999962
56,cws,25/12/2022,18.72999954
57,cws,25/12/2022,18.79000092
58,cws,25/12/2022,18.62999916
59,cws,25/12/2022,19.04999924
60,cws,25/12/2022,18.72999954
61,cws,25/12/2022,16.67000008
62,cws,25/12/2022,20.82999992
63,cws,25/12/2022,21.67000008
64,cws,25/12/2022,18.90999985
65,cws,25/12/2022,20.03000069
66,cws,25/12/2022,20.43000031
67,cws,25/12/2022,21.51000023
68,cws,25/12/2022,19.62999916
69,cws,25/12/2022,19.17000008
70,cws,25/12/2022,18.67000008
71,cws,25/12/2022,21.45000076
72,cws,25/12/2022,19.69000053
73,cws,25/12/2022,19.95000076
74,cws,25/12/2022,19.04999924
75,cws,25/12/2022,20.54999924
76,cws,25/12/2022,20.51000023
77,cws,25/12/2022,18.38999939
78,cws,25/12/2022,18.22999954
79,cws,25/12/2022,20.03000069
80,cws,25/12/2022,20.38999939
81,cws,25/12/2022,19.09000015
82,cws,25/12/2022,20.17000008
83,cws,25/12/2022,22.32999992
84,cws,25/12/2022,20.17000008
85,cws,25/12/2022,20.22999954
86,cws,25/12/2022,19.43000031
87,cws,25/12/2022,18.90999985
88,cws,25/12/2022,21.04999924
89,cws,25/12/2022,19.14999962
90,cws,25/12/2022,18.95000076
91,cws,25/12/2022,21.11000061
92,cws,25/12/2022,19.38999939
93,cws,25/12/2022,19.59000015
94,cws,25/12/2022,19.29000092
95,cws,25/12/2022,21.32999992
96,cws,25/12/2022,18.98999977
97,cws,25/12/2022,20.22999954
98,cws,25/12/2022,21.56999969
99,cws,25/12/2022,22.03000069
100,cws,25/12/2022,21.69000053
101,cws,25/12/2022,22.77000046
102,cws,25/12/2022,19.87000084
104,cws,25/12/2022,19.79000092
105,cws,25/12/2022,19.70999908
106,cws,25/12/2022,19.95000076
107,cws,25/12/2022,22.17000008
108,cws,25/12/2022,21.40999985
109,cws,25/12/2022,21.01000023
110,cws,25/12/2022,22.54999924
111,cws,25/12/2022,21.46999931
112,cws,25/12/2022,19.06999969
113,cws,25/12/2022,18.80999947
116,cws,25/12/2022,19.46999931
8,cws,25/12/2022,17.61000061
6,cws,25/12/2022,17.93000031
4,cws,25/12/2022,22.11000061
3,cws,25/12/2022,20.45000076
19,cws,25/12/2022,19.04999924
1,cws,25/12/2022,20.80999947
118,cws,25/12/2022,23.40999985
119,cws,25/12/2022,22.04999924
120,cws,25/12/2022,20.90999985
122,cws,25/12/2022,20.38999939
121,cws,25/12/2022,21.25
123,cws,25/12/2022,19.40999985
124,cws,25/12/2022,19.12999916
125,cws,25/12/2022,20.43000031
126,cws,25/12/2022,19.17000008
127,cws,25/12/2022,19.95000076
128,cws,25/12/2022,18.79000092
130,cws,25/12/2022,21.04999924
131,cws,25/12/2022,20.82999992
132,cws,25/12/2022,21.17000008
133,cws,25/12/2022,22.96999931
134,cws,25/12/2022,20.90999985
135,cws,25/12/2022,21.35000038
136,cws,25/12/2022,20.62999916
137,cws,25/12/2022,20.43000031
140,cws,25/12/2022,21.75
141,cws,25/12/2022,18.93000031
142,cws,25/12/2022,19.59000015
143,cws,25/12/2022,20.06999969
144,cws,25/12/2022,20.62999916
145,cws,25/12/2022,19.95000076
146,cws,25/12/2022,19.87000084
147,cws,25/12/2022,18.09000015
148,cws,25/12/2022,19.04999924
149,cws,25/12/2022,18.17000008
151,cws,25/12/2022,18.11000061
152,cws,25/12/2022,17.56999969
153,cws,25/12/2022,19.45000076
154,cws,25/12/2022,-9999
155,cws,25/12/2022,20.51000023
156,cws,25/12/2022,18.80999947
157,cws,25/12/2022,19.12999916
158,cws,25/12/2022,20.09000015
159,cws,25/12/2022,18.06999969
160,cws,25/12/2022,18.75
161,cws,25/12/2022,20.70999908
162,cws,25/12/2022,18.30999947
163,cws,25/12/2022,19.14999962
164,cws,25/12/2022,19.87000084
165,cws,25/12/2022,21.95000076
166,cws,25/12/2022,22.70999908
167,cws,25/12/2022,19.90999985
168,cws,25/12/2022,21.01000023
169,cws,25/12/2022,22.48999977
170,cws,25/12/2022,19.19000053
171,cws,25/12/2022,19.51000023
173,cws,25/12/2022,20.51000023
174,cws,25/12/2022,21.30999947
400,prws,25/12/2022,18.09000015
200,prws,25/12/2022,18.19000053
600,prws,25/12/2022,19.11000061
500,prws,25/12/2022,20.79000092
300,prws,25/12/2022,20.64999962
1074,cws,25/12/2022,20.88999939
1084,cws,25/12/2022,-9999
1097,cws,25/12/2022,-9999
1116,cws,25/12/2022,20.53000069
1154,cws,25/12/2022,21.96999931
1217,cws,25/12/2022,22.64999962
1249,cws,25/12/2022,-9999
1256,cws,25/12/2022,18.25
1301,cws,25/12/2022,-9999
1365,cws,25/12/2022,21.22999954
138,cws,25/12/2022,22.11000061
139,cws,25/12/2022,20.03000069
